{
  "tasks": [
    {
      "max_users:0": 60,
      "max_users:1": 20,
      "transitions": [
        [
          [0.94372182, 0.05627818],
          [0.74833129, 0.25166871]
        ],
        [
          [0.24984505, 0.75015495],
          [0.71927241, 0.28072759]
        ]
      ],
      "resources_count": 15,
      "cost_weights": [0.25, 0.75]
    },
    {
      "max_users:0": 32,
      "max_users:1": 12,
      "transitions": [
        [
        [0.85622731, 0.14377269],
        [0.61729174, 0.38270826]
        ],
        [
        [0.67856725, 0.32143275],
        [0.11703779, 0.88296221]
        ]
      ],

      "resources_count": 15,
      "cost_weights": [0.25, 0.75]
    }
  ]
}